{
    "integrationUser": {
        "systemAdmin": true,
        "jiveServiceSignature": "qhoG2WGuzV81f64VE64LYjff3ZA="
    },
    "tiles": [
        {
            "sampleData": {
                "title": "Watch this place!",
                "contents": [
                    {
                        "text": "--"
                    }
                ],
                "config": {
                    "listStyle": "contentList"
                }
            },
            "displayName": "Watch this place!",
            "name": "Webhooks",
            "description": "Watch a place with a webhook.",
            "style": "LIST",
            "icons": {
                "16": "http://ctflyfishing.com/wp-content/uploads/2011/11/set-fishing-hook1.jpg",
                "48": "http://ctflyfishing.com/wp-content/uploads/2011/11/set-fishing-hook1.jpg",
                "128": "http://ctflyfishing.com/wp-content/uploads/2011/11/set-fishing-hook1.jpg"
            },
            "config": "http://localhost/webhooks/configure?ts=1502453182579",
            "unregister": "http://localhost/unregister",
            "register": "http://localhost/registration"
        }
    ]
}